{
	"partitions" : [
		{
			"name" : "Top",
			"pins" : [
				{
					"name" : "sw1",
					"strict" : false
				},
				{
					"name" : "sw3",
					"strict" : false
				},
				{
					"name" : "PWM1",
					"strict" : false
				},
				{
					"name" : "PWM3",
					"strict" : false
				},
				{
					"name" : "Trigger1",
					"strict" : false
				},
				{
					"name" : "Trigger2",
					"strict" : false
				},
				{
					"name" : "Trigger3",
					"strict" : false
				},
				{
					"name" : "echo1",
					"strict" : false
				},
				{
					"name" : "echo2",
					"strict" : false
				},
				{
					"name" : "echo3",
					"strict" : false
				},
				{
					"name" : "clk",
					"strict" : false
				}
			]
		}
	]
}